city,datetime,temperature_c,humidity_percent,wind_speed_kmh,wind_direction_deg,wind_gusts_kmh,weather_code,wind_index,wind_direction_name,collected_at
Hà Nội,2025-09-23T00:00,26.3,93,2.5,270,6.8,80,7.6,W,2025-09-23 22:32:47
Hà Nội,2025-09-23T01:00,26.2,94,2.3,288,6.5,80,7.1,WNW,2025-09-23 22:32:47
Hà Nội,2025-09-23T02:00,26.0,93,3.1,291,5.4,80,7.6,WNW,2025-09-23 22:32:47
Hà Nội,2025-09-23T03:00,25.8,93,4.0,265,6.8,80,9.7,W,2025-09-23 22:32:47
Hà Nội,2025-09-23T04:00,25.7,92,2.9,277,7.2,2,8.4,W,2025-09-23 22:32:47
Hà Nội,2025-09-23T05:00,25.5,93,2.7,293,5.4,2,7.0,WNW,2025-09-23 22:32:47
Hà Nội,2025-09-23T06:00,25.4,93,4.1,322,6.8,3,9.8,NW,2025-09-23 22:32:47
Hà Nội,2025-09-23T07:00,26.4,92,4.5,331,10.8,2,12.8,NNW,2025-09-23 22:32:47
Hà Nội,2025-09-23T08:00,27.6,86,7.1,345,13.3,80,17.9,NNW,2025-09-23 22:32:47
Hà Nội,2025-09-23T09:00,28.6,80,8.0,355,15.5,2,20.5,N,2025-09-23 22:32:47
Hà Nội,2025-09-23T10:00,29.1,77,8.0,352,16.6,3,21.2,N,2025-09-23 22:32:47
Hà Nội,2025-09-23T11:00,30.3,73,8.6,338,18.0,2,22.8,NNW,2025-09-23 22:32:47
Hà Nội,2025-09-23T12:00,31.0,70,9.2,334,19.1,2,24.3,NNW,2025-09-23 22:32:47
Hà Nội,2025-09-23T13:00,31.8,67,9.2,339,20.9,2,25.4,NNW,2025-09-23 22:32:47
Hà Nội,2025-09-23T14:00,31.8,67,9.7,345,20.9,2,26.1,NNW,2025-09-23 22:32:47
Hà Nội,2025-09-23T15:00,31.8,67,9.8,352,21.2,2,26.4,N,2025-09-23 22:32:47
Hà Nội,2025-09-23T16:00,31.4,68,9.3,347,20.9,2,25.6,NNW,2025-09-23 22:32:47
Hà Nội,2025-09-23T17:00,29.9,75,7.6,360,21.2,80,23.4,N,2025-09-23 22:32:47
Hà Nội,2025-09-23T18:00,29.0,80,3.8,319,15.8,80,14.8,NW,2025-09-23 22:32:47
Hà Nội,2025-09-23T19:00,28.4,83,5.5,281,9.7,2,13.5,W,2025-09-23 22:32:47
Hà Nội,2025-09-23T20:00,28.0,83,5.9,284,10.8,2,14.7,WNW,2025-09-23 22:32:47
Hà Nội,2025-09-23T21:00,27.8,83,6.3,283,11.2,3,15.5,WNW,2025-09-23 22:32:47
Hà Nội,2025-09-23T22:00,27.7,82,6.5,289,11.5,3,16.0,WNW,2025-09-23 22:32:47
Hà Nội,2025-09-23T23:00,27.6,81,7.9,286,14.0,3,19.5,WNW,2025-09-23 22:32:47
Hà Nội,2025-09-24T00:00,27.5,80,7.6,289,14.4,2,19.3,WNW,2025-09-23 22:32:47
Hà Nội,2025-09-24T01:00,27.2,83,6.9,298,13.7,2,17.9,WNW,2025-09-23 22:32:47
Hà Nội,2025-09-24T02:00,27.0,84,7.9,294,13.7,2,19.3,WNW,2025-09-23 22:32:47
Hà Nội,2025-09-24T03:00,27.0,83,8.4,290,15.1,2,20.8,WNW,2025-09-23 22:32:47
Hà Nội,2025-09-24T04:00,26.9,82,8.8,289,15.8,3,21.8,WNW,2025-09-23 22:32:47
Hà Nội,2025-09-24T05:00,26.7,82,8.2,299,15.8,2,21.0,WNW,2025-09-23 22:32:47
Hà Nội,2025-09-24T06:00,26.4,84,8.0,306,14.8,2,20.1,NW,2025-09-23 22:32:47
Hà Nội,2025-09-24T07:00,27.2,84,9.0,307,16.2,1,22.3,NW,2025-09-23 22:32:47
Hà Nội,2025-09-24T08:00,29.0,78,11.5,311,21.6,1,29.1,NW,2025-09-23 22:32:47
Hà Nội,2025-09-24T09:00,30.5,72,13.6,307,25.9,1,34.6,NW,2025-09-23 22:32:47
Hà Nội,2025-09-24T10:00,31.7,66,13.3,319,26.6,2,34.6,NW,2025-09-23 22:32:47
Hà Nội,2025-09-24T11:00,32.2,62,15.6,341,34.6,2,42.6,NNW,2025-09-23 22:32:47
Hà Nội,2025-09-24T12:00,32.9,58,15.6,345,29.9,2,39.8,NNW,2025-09-23 22:32:47
Hà Nội,2025-09-24T13:00,34.4,49,16.5,344,31.3,2,41.9,NNW,2025-09-23 22:32:47
Hà Nội,2025-09-24T14:00,34.6,47,15.3,352,31.3,2,40.2,N,2025-09-23 22:32:47
Hà Nội,2025-09-24T15:00,34.5,46,14.0,1,29.2,3,37.1,N,2025-09-23 22:32:47
Hà Nội,2025-09-24T16:00,34.4,45,12.3,5,26.6,2,33.2,N,2025-09-23 22:32:47
Hà Nội,2025-09-24T17:00,33.6,47,8.3,18,22.7,1,25.2,NNE,2025-09-23 22:32:47
Hà Nội,2025-09-24T18:00,31.8,55,3.5,24,15.1,1,14.0,NNE,2025-09-23 22:32:47
Hà Nội,2025-09-24T19:00,30.5,60,3.1,339,5.8,3,7.8,NNW,2025-09-23 22:32:47
Hà Nội,2025-09-24T20:00,29.5,65,4.2,290,6.8,3,10.0,WNW,2025-09-23 22:32:47
Hà Nội,2025-09-24T21:00,28.8,69,4.7,274,8.3,3,11.6,W,2025-09-23 22:32:47
Hà Nội,2025-09-24T22:00,28.5,71,4.0,275,7.9,3,10.3,W,2025-09-23 22:32:47
Hà Nội,2025-09-24T23:00,28.1,73,4.5,299,7.6,3,10.9,WNW,2025-09-23 22:32:47
Hà Nội,2025-09-25T00:00,27.9,74,5.0,291,8.3,3,12.0,WNW,2025-09-23 22:32:47
Hà Nội,2025-09-25T01:00,27.7,73,5.6,285,9.4,3,13.5,WNW,2025-09-23 22:32:47
Hà Nội,2025-09-25T02:00,28.0,68,6.2,291,10.4,3,14.9,WNW,2025-09-23 22:32:47
Hà Nội,2025-09-25T03:00,27.9,66,6.9,298,12.2,2,17.0,WNW,2025-09-23 22:32:47
Hà Nội,2025-09-25T04:00,27.9,66,9.2,296,16.2,2,22.6,WNW,2025-09-23 22:32:47
Hà Nội,2025-09-25T05:00,28.1,66,10.3,295,18.4,3,25.5,WNW,2025-09-23 22:32:47
Hà Nội,2025-09-25T06:00,28.2,66,10.3,295,18.7,3,25.6,WNW,2025-09-23 22:32:47
Hà Nội,2025-09-25T07:00,28.2,68,10.2,302,19.1,3,25.7,WNW,2025-09-23 22:32:47
Hà Nội,2025-09-25T08:00,28.4,70,9.1,326,18.7,3,24.0,NW,2025-09-23 22:32:47
Hà Nội,2025-09-25T09:00,27.7,75,11.8,27,22.3,3,29.9,NNE,2025-09-23 22:32:47
Hà Nội,2025-09-25T10:00,26.6,78,3.1,324,22.3,61,17.7,NW,2025-09-23 22:32:47
Hà Nội,2025-09-25T11:00,27.5,77,4.2,340,8.3,3,10.9,NNW,2025-09-23 22:32:47
Hà Nội,2025-09-25T12:00,26.2,84,8.8,35,16.6,61,22.3,NE,2025-09-23 22:32:47
Hà Nội,2025-09-25T13:00,25.0,87,5.8,353,16.6,61,18.1,N,2025-09-23 22:32:47
Hà Nội,2025-09-25T14:00,24.8,89,4.4,279,10.8,61,12.6,W,2025-09-23 22:32:47
Hà Nội,2025-09-25T15:00,25.2,88,4.0,280,8.6,61,10.8,W,2025-09-23 22:32:47
Hà Nội,2025-09-25T16:00,25.5,87,5.2,295,9.7,61,13.1,WNW,2025-09-23 22:32:47
Hà Nội,2025-09-25T17:00,25.7,86,4.1,308,9.7,3,11.6,NW,2025-09-23 22:32:47
Hà Nội,2025-09-25T18:00,25.4,86,4.4,325,7.9,3,10.9,NW,2025-09-23 22:32:47
Hà Nội,2025-09-25T19:00,25.3,85,4.4,325,7.9,3,10.9,NW,2025-09-23 22:32:47
Hà Nội,2025-09-25T20:00,25.1,86,3.0,346,8.3,3,9.2,NNW,2025-09-23 22:32:47
Hà Nội,2025-09-25T21:00,25.0,88,2.1,121,4.7,3,5.8,ESE,2025-09-23 22:32:47
Hà Nội,2025-09-25T22:00,24.5,91,3.3,139,5.8,61,8.1,SE,2025-09-23 22:32:47
Hà Nội,2025-09-25T23:00,24.4,92,2.3,162,5.8,61,6.7,SSE,2025-09-23 22:32:47
Hà Nội,2025-09-26T00:00,24.2,92,2.5,262,4.3,61,6.1,W,2025-09-23 22:32:47
Hà Nội,2025-09-26T01:00,24.2,92,2.3,309,5.0,3,6.2,NW,2025-09-23 22:32:47
Hà Nội,2025-09-26T02:00,24.0,93,2.6,74,4.3,3,6.2,ENE,2025-09-23 22:32:47
Hà Nội,2025-09-26T03:00,24.0,94,3.3,84,6.5,3,8.5,E,2025-09-23 22:32:47
Hà Nội,2025-09-26T04:00,24.0,94,0.8,333,5.8,80,4.6,NNW,2025-09-23 22:32:47
Hà Nội,2025-09-26T05:00,23.9,95,3.3,283,5.8,61,8.1,WNW,2025-09-23 22:32:47
Hà Nội,2025-09-26T06:00,24.0,93,3.5,294,7.2,3,9.2,WNW,2025-09-23 22:32:47
Hà Nội,2025-09-26T07:00,24.4,93,4.3,312,8.3,3,11.0,NW,2025-09-23 22:32:47
Hà Nội,2025-09-26T08:00,25.1,91,5.2,326,10.1,3,13.3,NW,2025-09-23 22:32:47
Hà Nội,2025-09-26T09:00,26.3,86,6.8,342,13.3,3,17.5,NNW,2025-09-23 22:32:47
Hà Nội,2025-09-26T10:00,27.6,80,6.8,357,14.0,3,17.9,N,2025-09-23 22:32:47
Hà Nội,2025-09-26T11:00,28.7,76,6.5,360,13.7,3,17.3,N,2025-09-23 22:32:47
Hà Nội,2025-09-26T12:00,29.1,74,6.2,7,12.6,3,16.2,N,2025-09-23 22:32:47
Hà Nội,2025-09-26T13:00,29.3,73,7.2,357,15.1,80,19.1,N,2025-09-23 22:32:47
Hà Nội,2025-09-26T14:00,30.0,70,9.4,353,18.0,3,24.0,N,2025-09-23 22:32:47
Hà Nội,2025-09-26T15:00,30.0,69,10.1,354,19.4,3,25.8,N,2025-09-23 22:32:47
Hà Nội,2025-09-26T16:00,29.1,74,9.9,341,19.8,3,25.7,NNW,2025-09-23 22:32:47
Hà Nội,2025-09-26T17:00,28.5,76,8.2,322,18.4,3,22.5,NW,2025-09-23 22:32:47
Hà Nội,2025-09-26T18:00,27.9,79,7.2,307,14.8,3,19.0,NW,2025-09-23 22:32:47
Hà Nội,2025-09-26T19:00,27.3,82,6.1,320,13.0,3,16.3,NW,2025-09-23 22:32:47
Hà Nội,2025-09-26T20:00,26.9,84,5.9,317,14.8,95,17.1,NW,2025-09-23 22:32:47
Hà Nội,2025-09-26T21:00,26.6,86,6.1,315,16.6,95,18.5,NW,2025-09-23 22:32:47
Hà Nội,2025-09-26T22:00,26.3,87,6.1,315,18.4,95,19.6,NW,2025-09-23 22:32:47
Hà Nội,2025-09-26T23:00,26.1,89,6.4,317,20.2,80,21.1,NW,2025-09-23 22:32:47
Hà Nội,2025-09-27T00:00,25.8,90,6.4,317,21.6,80,21.9,NW,2025-09-23 22:32:47
Hà Nội,2025-09-27T01:00,25.6,91,6.6,319,23.4,80,23.3,NW,2025-09-23 22:32:47
Hà Nội,2025-09-27T02:00,25.4,91,7.1,315,24.5,3,24.6,NW,2025-09-23 22:32:47
Hà Nội,2025-09-27T03:00,25.2,91,7.7,311,25.6,3,26.1,NW,2025-09-23 22:32:47
Hà Nội,2025-09-27T04:00,25.1,91,8.2,308,26.6,3,27.4,NW,2025-09-23 22:32:47
Hà Nội,2025-09-27T05:00,25.0,91,8.5,306,25.6,80,27.3,NW,2025-09-23 22:32:47
Hà Nội,2025-09-27T06:00,24.9,91,8.7,308,24.8,80,27.1,NW,2025-09-23 22:32:47
Hà Nội,2025-09-27T07:00,25.0,91,9.0,307,23.8,80,26.9,NW,2025-09-23 22:32:47
Hà Nội,2025-09-27T08:00,25.3,90,9.5,307,25.6,80,28.7,NW,2025-09-23 22:32:47
Hà Nội,2025-09-27T09:00,25.7,89,10.1,305,27.7,80,30.8,NW,2025-09-23 22:32:47
Hà Nội,2025-09-27T10:00,26.0,88,10.4,304,29.5,80,32.3,NW,2025-09-23 22:32:47
Hà Nội,2025-09-27T11:00,26.0,89,10.0,300,28.8,61,31.3,WNW,2025-09-23 22:32:47
Hà Nội,2025-09-27T12:00,25.9,90,9.3,298,27.7,61,29.6,WNW,2025-09-23 22:32:47
Hà Nội,2025-09-27T13:00,25.8,91,9.2,296,27.0,61,29.1,WNW,2025-09-23 22:32:47
Hà Nội,2025-09-27T14:00,26.0,91,9.3,298,27.0,3,29.2,WNW,2025-09-23 22:32:47
Hà Nội,2025-09-27T15:00,26.2,90,9.8,298,27.4,3,30.2,WNW,2025-09-23 22:32:47
Hà Nội,2025-09-27T16:00,26.3,90,10.0,300,27.4,3,30.4,WNW,2025-09-23 22:32:47
Hà Nội,2025-09-27T17:00,26.1,90,9.0,299,26.3,80,28.4,WNW,2025-09-23 22:32:47
Hà Nội,2025-09-27T18:00,25.7,91,7.6,295,25.2,80,25.8,WNW,2025-09-23 22:32:47
Hà Nội,2025-09-27T19:00,25.3,91,6.6,292,24.1,80,23.7,WNW,2025-09-23 22:32:47
Hà Nội,2025-09-27T20:00,25.2,90,7.4,293,22.0,3,23.6,WNW,2025-09-23 22:32:47
Hà Nội,2025-09-27T21:00,25.2,90,9.0,293,20.2,3,24.7,WNW,2025-09-23 22:32:47
Hà Nội,2025-09-27T22:00,25.1,89,9.8,294,18.0,3,24.5,WNW,2025-09-23 22:32:47
Hà Nội,2025-09-27T23:00,25.1,89,9.0,293,19.4,95,24.2,WNW,2025-09-23 22:32:47
Hà Nội,2025-09-28T00:00,25.0,89,7.4,293,21.2,95,23.1,WNW,2025-09-23 22:32:47
Hà Nội,2025-09-28T01:00,25.0,89,6.3,294,22.7,95,22.4,WNW,2025-09-23 22:32:47
Hà Nội,2025-09-28T02:00,24.8,89,6.3,294,22.3,80,22.2,WNW,2025-09-23 22:32:47
Hà Nội,2025-09-28T03:00,24.6,90,6.8,295,22.3,80,22.9,WNW,2025-09-23 22:32:47
Hà Nội,2025-09-28T04:00,24.5,90,7.2,297,22.0,80,23.3,WNW,2025-09-23 22:32:47
Hà Nội,2025-09-28T05:00,24.5,90,7.1,294,19.8,3,21.8,WNW,2025-09-23 22:32:47
Hà Nội,2025-09-28T06:00,24.5,90,7.3,290,17.6,3,20.8,WNW,2025-09-23 22:32:47
Hà Nội,2025-09-28T07:00,24.9,89,7.6,289,15.5,3,19.9,WNW,2025-09-23 22:32:47
Hà Nội,2025-09-28T08:00,25.6,87,9.0,293,21.6,3,25.6,WNW,2025-09-23 22:32:47
Hà Nội,2025-09-28T09:00,26.6,84,10.9,297,27.7,3,31.9,WNW,2025-09-23 22:32:47
Hà Nội,2025-09-28T10:00,27.7,81,11.8,301,33.8,3,36.8,WNW,2025-09-23 22:32:47
Hà Nội,2025-09-28T11:00,29.0,76,11.5,309,29.2,2,33.6,NW,2025-09-23 22:32:47
Hà Nội,2025-09-28T12:00,30.4,71,10.9,316,24.8,2,30.1,NW,2025-09-23 22:32:47
Hà Nội,2025-09-28T13:00,31.4,67,10.3,324,20.2,2,26.5,NW,2025-09-23 22:32:47
Hà Nội,2025-09-28T14:00,32.1,64,13.2,343,28.1,1,35.3,NNW,2025-09-23 22:32:47
Hà Nội,2025-09-28T15:00,32.3,61,13.2,343,25.9,1,34.0,NNW,2025-09-23 22:32:47
Hà Nội,2025-09-28T16:00,32.0,62,11.8,340,23.8,1,30.8,NNW,2025-09-23 22:32:47
Hà Nội,2025-09-28T17:00,30.8,68,7.8,338,22.0,95,24.1,NNW,2025-09-23 22:32:47
Hà Nội,2025-09-28T18:00,29.1,78,2.6,326,20.2,95,15.8,NW,2025-09-23 22:32:47
Hà Nội,2025-09-28T19:00,27.7,85,1.8,217,18.4,95,13.6,SW,2025-09-23 22:32:47
Hà Nội,2025-09-28T20:00,27.0,87,3.1,234,22.0,95,17.5,SW,2025-09-23 22:32:47
Hà Nội,2025-09-28T21:00,26.7,86,4.7,266,25.9,95,22.1,W,2025-09-23 22:32:47
Hà Nội,2025-09-28T22:00,26.4,86,6.5,276,29.5,95,26.8,W,2025-09-23 22:32:47
Hà Nội,2025-09-28T23:00,26.0,87,6.6,279,27.7,95,25.9,W,2025-09-23 22:32:47
Hà Nội,2025-09-29T00:00,25.8,87,6.0,287,26.3,95,24.2,WNW,2025-09-23 22:32:47
Hà Nội,2025-09-29T01:00,25.5,88,6.3,294,24.5,95,23.5,WNW,2025-09-23 22:32:47
Hà Nội,2025-09-29T02:00,25.3,88,8.7,300,29.2,80,29.7,WNW,2025-09-23 22:32:47
Hà Nội,2025-09-29T03:00,25.1,88,12.0,303,34.2,80,37.3,WNW,2025-09-23 22:32:47
Hà Nội,2025-09-29T04:00,24.9,89,14.2,306,38.9,80,43.2,NW,2025-09-23 22:32:47
Hà Nội,2025-09-29T05:00,24.7,90,13.3,311,35.6,81,40.0,NW,2025-09-23 22:32:47
Hà Nội,2025-09-29T06:00,24.5,92,11.2,320,32.0,81,34.9,NW,2025-09-23 22:32:47
Hà Nội,2025-09-29T07:00,24.4,93,10.7,327,28.8,81,32.3,NNW,2025-09-23 22:32:47
Hà Nội,2025-09-29T08:00,24.5,94,12.6,323,32.8,63,37.3,NW,2025-09-23 22:32:47
Hà Nội,2025-09-29T09:00,24.7,94,15.5,318,36.4,63,43.5,NW,2025-09-23 22:32:47
Hà Nội,2025-09-29T10:00,24.9,94,18.4,318,40.3,63,49.9,NW,2025-09-23 22:32:47
Hà Nội,2025-09-29T11:00,24.8,94,22.0,325,44.3,65,57.4,NW,2025-09-23 22:32:47
Hà Nội,2025-09-29T12:00,24.7,95,25.9,333,48.2,65,65.2,NNW,2025-09-23 22:32:47
Hà Nội,2025-09-29T13:00,24.8,95,27.0,341,52.2,65,69.1,NNW,2025-09-23 22:32:47
Hà Nội,2025-09-29T14:00,25.1,94,23.1,356,49.0,61,61.7,N,2025-09-23 22:32:47
Hà Nội,2025-09-29T15:00,25.6,93,19.5,23,45.4,61,54.5,NNE,2025-09-23 22:32:47
Hà Nội,2025-09-29T16:00,25.9,92,20.2,51,42.1,61,53.5,NE,2025-09-23 22:32:47
Hà Nội,2025-09-29T17:00,26.0,92,23.8,72,47.2,95,61.6,ENE,2025-09-23 22:32:47
Hà Nội,2025-09-29T18:00,25.9,93,28.1,88,52.2,95,70.7,E,2025-09-23 22:32:47
Hà Nội,2025-09-29T19:00,25.8,94,30.0,96,57.2,95,76.3,E,2025-09-23 22:32:47
Hà Nội,2025-09-29T20:00,25.5,93,25.1,98,50.8,80,65.6,E,2025-09-23 22:32:47
Hà Nội,2025-09-29T21:00,25.2,93,16.5,100,44.3,80,49.7,E,2025-09-23 22:32:47
Hà Nội,2025-09-29T22:00,25.0,92,10.8,105,37.8,80,37.8,ESE,2025-09-23 22:32:47
Hà Nội,2025-09-29T23:00,25.2,92,12.2,114,37.1,95,39.3,ESE,2025-09-23 22:32:47
Hồ Chí Minh,2025-09-23T00:00,25.0,93,1.6,207,4.0,3,4.6,SSW,2025-09-23 22:32:47
Hồ Chí Minh,2025-09-23T01:00,25.1,91,0.8,243,2.9,3,2.9,WSW,2025-09-23 22:32:47
Hồ Chí Minh,2025-09-23T02:00,25.1,91,1.3,214,1.8,3,2.9,SW,2025-09-23 22:32:47
Hồ Chí Minh,2025-09-23T03:00,24.8,93,2.6,236,4.7,3,6.5,SW,2025-09-23 22:32:47
Hồ Chí Minh,2025-09-23T04:00,24.7,94,2.3,231,5.0,3,6.2,SW,2025-09-23 22:32:47
Hồ Chí Minh,2025-09-23T05:00,24.6,94,2.2,261,4.0,3,5.5,W,2025-09-23 22:32:47
Hồ Chí Minh,2025-09-23T06:00,24.5,94,2.5,278,4.7,3,6.3,W,2025-09-23 22:32:47
Hồ Chí Minh,2025-09-23T07:00,25.2,94,2.9,330,5.4,3,7.3,NNW,2025-09-23 22:32:47
Hồ Chí Minh,2025-09-23T08:00,26.5,89,4.5,299,9.4,3,11.9,WNW,2025-09-23 22:32:47
Hồ Chí Minh,2025-09-23T09:00,27.8,85,8.3,275,16.9,3,21.8,W,2025-09-23 22:32:47
Hồ Chí Minh,2025-09-23T10:00,28.9,78,13.7,272,26.6,3,35.1,W,2025-09-23 22:32:47
Hồ Chí Minh,2025-09-23T11:00,29.8,70,17.0,275,32.4,3,43.2,W,2025-09-23 22:32:47
Hồ Chí Minh,2025-09-23T12:00,30.9,64,17.5,279,33.5,3,44.6,W,2025-09-23 22:32:47
Hồ Chí Minh,2025-09-23T13:00,30.5,71,15.3,279,33.5,3,41.5,W,2025-09-23 22:32:47
Hồ Chí Minh,2025-09-23T14:00,30.8,70,13.8,276,37.4,3,41.8,W,2025-09-23 22:32:47
Hồ Chí Minh,2025-09-23T15:00,30.2,74,10.4,272,37.1,3,36.8,W,2025-09-23 22:32:47
Hồ Chí Minh,2025-09-23T16:00,28.8,82,10.5,266,31.0,95,33.3,W,2025-09-23 22:32:47
Hồ Chí Minh,2025-09-23T17:00,28.0,87,6.5,273,27.7,80,25.7,W,2025-09-23 22:32:47
Hồ Chí Minh,2025-09-23T18:00,27.3,91,5.2,304,18.7,80,18.5,NW,2025-09-23 22:32:47
Hồ Chí Minh,2025-09-23T19:00,26.7,93,5.2,335,9.7,3,13.1,NNW,2025-09-23 22:32:47
Hồ Chí Minh,2025-09-23T20:00,26.5,94,3.9,326,9.0,3,10.9,NW,2025-09-23 22:32:47
Hồ Chí Minh,2025-09-23T21:00,26.4,94,3.1,315,11.5,80,11.2,NW,2025-09-23 22:32:47
Hồ Chí Minh,2025-09-23T22:00,26.3,95,2.3,252,9.0,3,8.6,WSW,2025-09-23 22:32:47
Hồ Chí Minh,2025-09-23T23:00,26.1,96,4.1,225,7.2,3,10.1,SW,2025-09-23 22:32:47
Hồ Chí Minh,2025-09-24T00:00,25.9,95,5.4,228,9.7,3,13.4,SW,2025-09-23 22:32:47
Hồ Chí Minh,2025-09-24T01:00,25.6,94,6.1,242,11.2,3,15.3,WSW,2025-09-23 22:32:47
Hồ Chí Minh,2025-09-24T02:00,25.3,94,6.4,243,12.2,3,16.3,WSW,2025-09-23 22:32:47
Hồ Chí Minh,2025-09-24T03:00,25.2,94,6.6,248,12.6,3,16.8,WSW,2025-09-23 22:32:47
Hồ Chí Minh,2025-09-24T04:00,25.2,94,6.0,245,12.2,3,15.7,WSW,2025-09-23 22:32:47
Hồ Chí Minh,2025-09-24T05:00,25.1,94,6.2,234,11.5,3,15.6,SW,2025-09-23 22:32:47
Hồ Chí Minh,2025-09-24T06:00,25.1,95,6.6,229,12.2,3,16.6,SW,2025-09-23 22:32:47
Hồ Chí Minh,2025-09-24T07:00,25.7,94,6.7,234,12.6,3,16.9,SW,2025-09-23 22:32:47
Hồ Chí Minh,2025-09-24T08:00,26.9,90,8.4,239,16.6,3,21.7,WSW,2025-09-23 22:32:47
Hồ Chí Minh,2025-09-24T09:00,28.1,86,11.1,245,22.3,3,28.9,WSW,2025-09-23 22:32:47
Hồ Chí Minh,2025-09-24T10:00,29.5,79,13.0,256,25.9,3,33.7,WSW,2025-09-23 22:32:47
Hồ Chí Minh,2025-09-24T11:00,30.6,70,16.2,267,32.0,3,41.9,W,2025-09-23 22:32:47
Hồ Chí Minh,2025-09-24T12:00,30.7,66,18.8,274,44.6,3,53.1,W,2025-09-23 22:32:47
Hồ Chí Minh,2025-09-24T13:00,30.9,67,16.7,276,41.4,3,48.2,W,2025-09-23 22:32:47
Hồ Chí Minh,2025-09-24T14:00,31.6,64,16.2,267,41.4,3,47.5,W,2025-09-23 22:32:47
Hồ Chí Minh,2025-09-24T15:00,30.2,70,15.6,251,41.4,3,46.7,WSW,2025-09-23 22:32:47
Hồ Chí Minh,2025-09-24T16:00,29.6,77,14.8,247,34.2,80,41.2,WSW,2025-09-23 22:32:47
Hồ Chí Minh,2025-09-24T17:00,28.6,80,10.8,249,32.8,80,34.8,WSW,2025-09-23 22:32:47
Hồ Chí Minh,2025-09-24T18:00,27.6,85,7.4,247,20.5,3,22.7,WSW,2025-09-23 22:32:47
Hồ Chí Minh,2025-09-24T19:00,27.0,88,7.3,237,14.0,3,18.6,WSW,2025-09-23 22:32:47
Hồ Chí Minh,2025-09-24T20:00,26.5,89,7.9,231,14.4,3,19.7,SW,2025-09-23 22:32:47
Hồ Chí Minh,2025-09-24T21:00,26.2,90,8.2,229,14.8,2,20.4,SW,2025-09-23 22:32:47
Hồ Chí Minh,2025-09-24T22:00,25.9,91,8.7,232,16.2,3,21.9,SW,2025-09-23 22:32:47
Hồ Chí Minh,2025-09-24T23:00,25.6,92,8.5,234,16.2,3,21.6,SW,2025-09-23 22:32:47
Hồ Chí Minh,2025-09-25T00:00,25.4,93,8.7,232,16.2,3,21.9,SW,2025-09-23 22:32:47
Hồ Chí Minh,2025-09-25T01:00,25.3,94,8.4,230,16.2,3,21.5,SW,2025-09-23 22:32:47
Hồ Chí Minh,2025-09-25T02:00,25.2,94,8.4,230,16.2,3,21.5,SW,2025-09-23 22:32:47
Hồ Chí Minh,2025-09-25T03:00,25.2,94,8.4,230,15.8,3,21.2,SW,2025-09-23 22:32:47
Hồ Chí Minh,2025-09-25T04:00,25.2,94,8.7,232,16.2,3,21.9,SW,2025-09-23 22:32:47
Hồ Chí Minh,2025-09-25T05:00,25.2,94,8.2,232,16.2,3,21.2,SW,2025-09-23 22:32:47
Hồ Chí Minh,2025-09-25T06:00,25.2,95,7.4,223,15.5,3,19.7,SW,2025-09-23 22:32:47
Hồ Chí Minh,2025-09-25T07:00,25.8,94,7.7,233,14.8,3,19.7,SW,2025-09-23 22:32:47
Hồ Chí Minh,2025-09-25T08:00,26.6,91,12.2,242,23.4,3,31.1,WSW,2025-09-23 22:32:47
Hồ Chí Minh,2025-09-25T09:00,27.4,86,14.4,248,27.4,3,36.6,WSW,2025-09-23 22:32:47
Hồ Chí Minh,2025-09-25T10:00,28.0,82,15.0,253,29.5,3,38.7,WSW,2025-09-23 22:32:47
Hồ Chí Minh,2025-09-25T11:00,28.4,82,12.8,254,29.2,3,35.4,WSW,2025-09-23 22:32:47
Hồ Chí Minh,2025-09-25T12:00,28.9,78,14.8,257,38.9,3,44.1,WSW,2025-09-23 22:32:47
Hồ Chí Minh,2025-09-25T13:00,29.5,76,13.8,255,38.9,3,42.7,WSW,2025-09-23 22:32:47
Hồ Chí Minh,2025-09-25T14:00,29.8,75,13.2,259,37.8,3,41.2,W,2025-09-23 22:32:47
Hồ Chí Minh,2025-09-25T15:00,30.2,72,12.8,260,25.9,3,33.5,W,2025-09-23 22:32:47
Hồ Chí Minh,2025-09-25T16:00,29.4,76,11.3,253,28.4,3,32.9,WSW,2025-09-23 22:32:47
Hồ Chí Minh,2025-09-25T17:00,28.6,82,9.2,249,26.3,80,28.7,WSW,2025-09-23 22:32:47
Hồ Chí Minh,2025-09-25T18:00,27.6,88,6.1,267,22.0,80,21.7,W,2025-09-23 22:32:47
Hồ Chí Minh,2025-09-25T19:00,27.0,91,4.4,261,10.8,3,12.6,W,2025-09-23 22:32:47
Hồ Chí Minh,2025-09-25T20:00,26.7,92,5.4,228,9.7,3,13.4,SW,2025-09-23 22:32:47
Hồ Chí Minh,2025-09-25T21:00,26.4,92,7.4,223,13.7,3,18.6,SW,2025-09-23 22:32:47
Hồ Chí Minh,2025-09-25T22:00,26.0,90,8.5,234,15.8,3,21.4,SW,2025-09-23 22:32:47
Hồ Chí Minh,2025-09-25T23:00,25.5,91,8.4,245,16.2,3,21.5,WSW,2025-09-23 22:32:47
Hồ Chí Minh,2025-09-26T00:00,25.2,92,6.9,242,15.8,3,19.1,WSW,2025-09-23 22:32:47
Hồ Chí Minh,2025-09-26T01:00,25.0,93,5.3,242,13.0,3,15.2,WSW,2025-09-23 22:32:47
Hồ Chí Minh,2025-09-26T02:00,24.8,93,4.6,252,10.1,3,12.5,WSW,2025-09-23 22:32:47
Hồ Chí Minh,2025-09-26T03:00,24.6,94,3.6,264,8.3,3,10.0,W,2025-09-23 22:32:47
Hồ Chí Minh,2025-09-26T04:00,24.5,94,3.3,264,6.5,3,8.5,W,2025-09-23 22:32:47
Hồ Chí Minh,2025-09-26T05:00,24.4,94,2.9,270,5.8,3,7.5,W,2025-09-23 22:32:47
Hồ Chí Minh,2025-09-26T06:00,24.3,95,2.5,270,5.0,3,6.5,W,2025-09-23 22:32:47
Hồ Chí Minh,2025-09-26T07:00,25.0,93,3.3,276,6.5,3,8.5,W,2025-09-23 22:32:47
Hồ Chí Minh,2025-09-26T08:00,26.0,90,4.6,288,9.7,3,12.3,WNW,2025-09-23 22:32:47
Hồ Chí Minh,2025-09-26T09:00,27.0,86,7.1,285,14.4,3,18.6,WNW,2025-09-23 22:32:47
Hồ Chí Minh,2025-09-26T10:00,28.1,80,10.6,294,21.2,3,27.6,WNW,2025-09-23 22:32:47
Hồ Chí Minh,2025-09-26T11:00,29.7,74,10.6,298,22.0,3,28.0,WNW,2025-09-23 22:32:47
Hồ Chí Minh,2025-09-26T12:00,30.7,70,10.5,301,22.0,3,27.9,WNW,2025-09-23 22:32:47
Hồ Chí Minh,2025-09-26T13:00,31.3,68,11.3,297,27.4,3,32.3,WNW,2025-09-23 22:32:47
Hồ Chí Minh,2025-09-26T14:00,31.4,70,10.5,292,28.1,3,31.6,WNW,2025-09-23 22:32:47
Hồ Chí Minh,2025-09-26T15:00,31.2,71,9.8,294,28.1,3,30.6,WNW,2025-09-23 22:32:47
Hồ Chí Minh,2025-09-26T16:00,30.7,74,7.6,289,27.7,3,27.3,WNW,2025-09-23 22:32:47
Hồ Chí Minh,2025-09-26T17:00,29.7,80,5.5,293,23.4,80,21.7,WNW,2025-09-23 22:32:47
Hồ Chí Minh,2025-09-26T18:00,28.3,88,5.1,315,16.9,95,17.3,NW,2025-09-23 22:32:47
Hồ Chí Minh,2025-09-26T19:00,27.4,91,5.1,321,15.1,95,16.2,NW,2025-09-23 22:32:47
Hồ Chí Minh,2025-09-26T20:00,26.9,93,4.3,318,11.5,3,12.9,NW,2025-09-23 22:32:47
Hồ Chí Minh,2025-09-26T21:00,26.7,94,3.1,306,7.9,3,9.1,NW,2025-09-23 22:32:47
Hồ Chí Minh,2025-09-26T22:00,26.5,94,2.6,286,4.3,3,6.2,WNW,2025-09-23 22:32:47
Hồ Chí Minh,2025-09-26T23:00,26.3,95,2.5,278,5.0,3,6.5,W,2025-09-23 22:32:47
Hồ Chí Minh,2025-09-27T00:00,26.1,95,3.0,284,5.4,3,7.4,WNW,2025-09-23 22:32:47
Hồ Chí Minh,2025-09-27T01:00,26.0,96,3.3,283,6.1,3,8.3,WNW,2025-09-23 22:32:47
Hồ Chí Minh,2025-09-27T02:00,25.8,96,3.6,276,9.4,95,10.7,W,2025-09-23 22:32:47
Hồ Chí Minh,2025-09-27T03:00,25.6,97,3.6,270,12.6,95,12.6,W,2025-09-23 22:32:47
Hồ Chí Minh,2025-09-27T04:00,25.5,97,4.0,270,15.8,95,15.1,W,2025-09-23 22:32:47
Hồ Chí Minh,2025-09-27T05:00,25.4,97,4.0,280,15.8,80,15.1,W,2025-09-23 22:32:47
Hồ Chí Minh,2025-09-27T06:00,25.4,97,4.8,297,16.2,80,16.4,WNW,2025-09-23 22:32:47
Hồ Chí Minh,2025-09-27T07:00,25.6,96,5.7,305,16.2,80,17.7,NW,2025-09-23 22:32:47
Hồ Chí Minh,2025-09-27T08:00,26.1,94,7.7,307,20.2,80,22.9,NW,2025-09-23 22:32:47
Hồ Chí Minh,2025-09-27T09:00,26.9,90,9.5,307,24.5,80,28.0,NW,2025-09-23 22:32:47
Hồ Chí Minh,2025-09-27T10:00,27.5,88,11.1,306,28.4,80,32.6,NW,2025-09-23 22:32:47
Hồ Chí Minh,2025-09-27T11:00,27.8,87,11.0,302,27.4,80,31.8,WNW,2025-09-23 22:32:47
Hồ Chí Minh,2025-09-27T12:00,28.0,87,10.5,297,26.3,80,30.5,WNW,2025-09-23 22:32:47
Hồ Chí Minh,2025-09-27T13:00,28.0,87,10.2,293,25.2,80,29.4,WNW,2025-09-23 22:32:47
Hồ Chí Minh,2025-09-27T14:00,27.9,87,10.6,298,26.6,95,30.8,WNW,2025-09-23 22:32:47
Hồ Chí Minh,2025-09-27T15:00,27.7,87,11.4,305,27.7,95,32.6,NW,2025-09-23 22:32:47
Hồ Chí Minh,2025-09-27T16:00,27.4,88,11.0,308,29.2,95,32.9,NW,2025-09-23 22:32:47
Hồ Chí Minh,2025-09-27T17:00,26.9,90,8.8,305,22.0,3,25.5,NW,2025-09-23 22:32:47
Hồ Chí Minh,2025-09-27T18:00,26.4,93,5.6,297,15.1,3,16.9,WNW,2025-09-23 22:32:47
Hồ Chí Minh,2025-09-27T19:00,25.9,95,3.6,276,7.9,3,9.8,W,2025-09-23 22:32:47
Hồ Chí Minh,2025-09-27T20:00,25.7,96,3.2,270,8.6,80,9.6,W,2025-09-23 22:32:47
Hồ Chí Minh,2025-09-27T21:00,25.6,96,3.6,276,9.7,80,10.9,W,2025-09-23 22:32:47
Hồ Chí Minh,2025-09-27T22:00,25.5,96,4.0,280,10.4,80,11.8,W,2025-09-23 22:32:47
Hồ Chí Minh,2025-09-27T23:00,25.3,96,4.3,275,10.1,3,12.1,W,2025-09-23 22:32:47
Hồ Chí Minh,2025-09-28T00:00,25.2,97,4.7,270,10.1,3,12.6,W,2025-09-23 22:32:47
Hồ Chí Minh,2025-09-28T01:00,25.1,97,4.7,270,9.7,3,12.4,W,2025-09-23 22:32:47
Hồ Chí Minh,2025-09-28T02:00,24.9,97,4.4,279,9.4,3,11.8,W,2025-09-23 22:32:47
Hồ Chí Minh,2025-09-28T03:00,24.8,97,4.2,290,9.4,3,11.5,WNW,2025-09-23 22:32:47
Hồ Chí Minh,2025-09-28T04:00,24.8,97,4.2,301,9.0,3,11.3,WNW,2025-09-23 22:32:47
Hồ Chí Minh,2025-09-28T05:00,24.8,97,4.5,299,9.7,3,12.1,WNW,2025-09-23 22:32:47
Hồ Chí Minh,2025-09-28T06:00,24.9,97,4.8,297,10.1,3,12.8,WNW,2025-09-23 22:32:47
Hồ Chí Minh,2025-09-28T07:00,25.3,96,5.4,290,10.8,3,14.0,WNW,2025-09-23 22:32:47
Hồ Chí Minh,2025-09-28T08:00,26.0,93,5.6,285,12.2,80,15.2,WNW,2025-09-23 22:32:47
Hồ Chí Minh,2025-09-28T09:00,27.0,90,5.9,281,13.7,80,16.5,W,2025-09-23 22:32:47
Hồ Chí Minh,2025-09-28T10:00,27.8,87,6.1,273,15.1,80,17.6,W,2025-09-23 22:32:47
Hồ Chí Minh,2025-09-28T11:00,28.4,85,5.8,266,14.0,80,16.5,W,2025-09-23 22:32:47
Hồ Chí Minh,2025-09-28T12:00,28.9,82,5.6,255,13.0,80,15.6,WSW,2025-09-23 22:32:47
Hồ Chí Minh,2025-09-28T13:00,29.3,81,5.5,247,11.9,80,14.8,WSW,2025-09-23 22:32:47
Hồ Chí Minh,2025-09-28T14:00,29.3,79,8.6,237,19.1,95,23.5,WSW,2025-09-23 22:32:47
Hồ Chí Minh,2025-09-28T15:00,28.5,83,9.5,217,19.8,95,25.2,SW,2025-09-23 22:32:47
Hồ Chí Minh,2025-09-28T16:00,27.8,86,10.8,206,20.9,95,27.7,SSW,2025-09-23 22:32:47
Hồ Chí Minh,2025-09-28T17:00,27.2,88,10.6,204,19.8,80,26.7,SSW,2025-09-23 22:32:47
Hồ Chí Minh,2025-09-28T18:00,26.6,90,9.5,205,18.4,80,24.3,SSW,2025-09-23 22:32:47
Hồ Chí Minh,2025-09-28T19:00,26.2,92,9.0,203,17.3,80,23.0,SSW,2025-09-23 22:32:47
Hồ Chí Minh,2025-09-28T20:00,25.9,93,9.4,198,18.4,80,24.2,SSW,2025-09-23 22:32:47
Hồ Chí Minh,2025-09-28T21:00,25.6,94,10.2,190,19.8,80,26.2,S,2025-09-23 22:32:47
Hồ Chí Minh,2025-09-28T22:00,25.5,95,11.3,187,20.9,80,28.4,S,2025-09-23 22:32:47
Hồ Chí Minh,2025-09-28T23:00,25.4,95,11.8,192,21.6,3,29.5,SSW,2025-09-23 22:32:47
Hồ Chí Minh,2025-09-29T00:00,25.4,94,12.3,201,22.7,3,30.8,SSW,2025-09-23 22:32:47
Hồ Chí Minh,2025-09-29T01:00,25.3,94,12.4,206,23.4,3,31.4,SSW,2025-09-23 22:32:47
Hồ Chí Minh,2025-09-29T02:00,25.2,94,11.3,202,22.0,3,29.0,SSW,2025-09-23 22:32:47
Hồ Chí Minh,2025-09-29T03:00,25.1,95,10.0,195,20.5,3,26.3,SSW,2025-09-23 22:32:47
Hồ Chí Minh,2025-09-29T04:00,25.1,95,9.5,189,19.1,3,24.8,S,2025-09-23 22:32:47
Hồ Chí Minh,2025-09-29T05:00,25.1,95,10.2,188,20.5,80,26.6,S,2025-09-23 22:32:47
Hồ Chí Minh,2025-09-29T06:00,25.2,94,11.4,193,22.3,80,29.3,SSW,2025-09-23 22:32:47
Hồ Chí Minh,2025-09-29T07:00,25.6,93,12.7,195,23.8,80,32.1,SSW,2025-09-23 22:32:47
Hồ Chí Minh,2025-09-29T08:00,26.3,91,13.9,197,28.8,3,36.7,SSW,2025-09-23 22:32:47
Hồ Chí Minh,2025-09-29T09:00,27.4,88,15.5,198,33.8,3,42.0,SSW,2025-09-23 22:32:47
Hồ Chí Minh,2025-09-29T10:00,28.3,85,16.4,199,38.9,3,46.3,SSW,2025-09-23 22:32:47
Hồ Chí Minh,2025-09-29T11:00,29.1,81,16.8,203,40.0,3,47.5,SSW,2025-09-23 22:32:47
Hồ Chí Minh,2025-09-29T12:00,29.8,77,16.7,205,41.4,3,48.2,SSW,2025-09-23 22:32:47
Hồ Chí Minh,2025-09-29T13:00,30.2,74,16.4,209,42.5,3,48.5,SSW,2025-09-23 22:32:47
Hồ Chí Minh,2025-09-29T14:00,30.0,74,16.0,211,41.8,80,47.5,SSW,2025-09-23 22:32:47
Hồ Chí Minh,2025-09-29T15:00,29.6,77,15.4,213,41.0,80,46.2,SSW,2025-09-23 22:32:47
Hồ Chí Minh,2025-09-29T16:00,29.0,79,14.0,215,40.3,80,43.8,SW,2025-09-23 22:32:47
Hồ Chí Minh,2025-09-29T17:00,28.4,82,11.4,215,31.0,3,34.6,SW,2025-09-23 22:32:47
Hồ Chí Minh,2025-09-29T18:00,27.7,84,8.4,211,21.6,3,24.7,SSW,2025-09-23 22:32:47
Hồ Chí Minh,2025-09-29T19:00,27.0,87,6.0,205,12.2,3,15.7,SSW,2025-09-23 22:32:47
Hồ Chí Minh,2025-09-29T20:00,26.6,89,4.7,189,11.2,3,13.3,S,2025-09-23 22:32:47
Hồ Chí Minh,2025-09-29T21:00,26.2,91,4.7,171,9.7,3,12.4,S,2025-09-23 22:32:47
Hồ Chí Minh,2025-09-29T22:00,25.9,93,5.0,159,8.6,3,12.2,SSE,2025-09-23 22:32:47
Hồ Chí Minh,2025-09-29T23:00,25.7,94,5.2,155,8.6,3,12.4,SSE,2025-09-23 22:32:47
Đà Nẵng,2025-09-23T00:00,26.7,88,5.5,238,10.1,2,13.8,WSW,2025-09-23 22:32:47
Đà Nẵng,2025-09-23T01:00,26.4,87,4.8,243,9.7,2,12.5,WSW,2025-09-23 22:32:47
Đà Nẵng,2025-09-23T02:00,26.1,88,3.5,246,8.6,3,10.1,WSW,2025-09-23 22:32:47
Đà Nẵng,2025-09-23T03:00,25.8,90,3.3,257,6.1,3,8.3,WSW,2025-09-23 22:32:47
Đà Nẵng,2025-09-23T04:00,25.7,92,3.4,252,6.1,3,8.4,WSW,2025-09-23 22:32:47
Đà Nẵng,2025-09-23T05:00,25.6,93,3.5,246,6.1,3,8.6,WSW,2025-09-23 22:32:47
Đà Nẵng,2025-09-23T06:00,25.5,93,3.4,238,6.5,3,8.7,WSW,2025-09-23 22:32:47
Đà Nẵng,2025-09-23T07:00,26.8,89,3.6,233,6.8,3,9.1,SW,2025-09-23 22:32:47
Đà Nẵng,2025-09-23T08:00,28.1,82,2.8,230,7.9,3,8.7,SW,2025-09-23 22:32:47
Đà Nẵng,2025-09-23T09:00,29.4,77,1.8,281,6.8,3,6.6,W,2025-09-23 22:32:47
Đà Nẵng,2025-09-23T10:00,30.4,72,3.6,315,9.0,3,10.4,NW,2025-09-23 22:32:47
Đà Nẵng,2025-09-23T11:00,31.5,67,5.6,320,12.6,3,15.4,NW,2025-09-23 22:32:47
Đà Nẵng,2025-09-23T12:00,32.5,63,6.7,344,14.4,3,18.0,NNW,2025-09-23 22:32:47
Đà Nẵng,2025-09-23T13:00,32.2,64,8.3,360,28.8,3,28.9,N,2025-09-23 22:32:47
Đà Nẵng,2025-09-23T14:00,31.9,67,10.2,10,27.7,2,30.9,N,2025-09-23 22:32:47
Đà Nẵng,2025-09-23T15:00,30.9,72,9.7,15,28.8,95,30.9,NNE,2025-09-23 22:32:47
Đà Nẵng,2025-09-23T16:00,30.9,72,7.3,9,27.0,2,26.4,N,2025-09-23 22:32:47
Đà Nẵng,2025-09-23T17:00,30.2,75,2.5,8,23.8,80,17.8,N,2025-09-23 22:32:47
Đà Nẵng,2025-09-23T18:00,29.2,81,3.0,166,16.2,80,13.9,SSE,2025-09-23 22:32:47
Đà Nẵng,2025-09-23T19:00,28.4,85,4.5,166,16.9,3,16.4,SSE,2025-09-23 22:32:47
Đà Nẵng,2025-09-23T20:00,27.9,87,4.7,180,8.6,3,11.7,S,2025-09-23 22:32:47
Đà Nẵng,2025-09-23T21:00,27.6,87,4.4,189,8.6,3,11.3,S,2025-09-23 22:32:47
Đà Nẵng,2025-09-23T22:00,27.3,89,3.5,204,7.6,3,9.5,SSW,2025-09-23 22:32:47
Đà Nẵng,2025-09-23T23:00,27.1,91,2.3,231,6.1,3,6.9,SW,2025-09-23 22:32:47
Đà Nẵng,2025-09-24T00:00,26.8,93,2.5,278,4.0,3,5.9,W,2025-09-23 22:32:47
Đà Nẵng,2025-09-24T01:00,26.6,94,2.2,279,4.3,3,5.7,W,2025-09-23 22:32:47
Đà Nẵng,2025-09-24T02:00,26.4,94,2.6,286,4.3,3,6.2,WNW,2025-09-23 22:32:47
Đà Nẵng,2025-09-24T03:00,26.3,93,3.1,249,5.4,3,7.6,WSW,2025-09-23 22:32:47
Đà Nẵng,2025-09-24T04:00,26.0,94,4.1,232,7.2,3,10.1,SW,2025-09-23 22:32:47
Đà Nẵng,2025-09-24T05:00,26.0,92,3.3,257,6.8,3,8.7,WSW,2025-09-23 22:32:47
Đà Nẵng,2025-09-24T06:00,26.0,92,3.7,241,6.8,3,9.3,WSW,2025-09-23 22:32:47
Đà Nẵng,2025-09-24T07:00,26.8,89,3.4,238,7.2,3,9.1,WSW,2025-09-23 22:32:47
Đà Nẵng,2025-09-24T08:00,28.3,79,3.1,249,7.9,3,9.1,WSW,2025-09-23 22:32:47
Đà Nẵng,2025-09-24T09:00,29.7,73,2.4,297,6.8,3,7.4,WNW,2025-09-23 22:32:47
Đà Nẵng,2025-09-24T10:00,30.8,69,1.5,346,5.8,3,5.6,NNW,2025-09-23 22:32:47
Đà Nẵng,2025-09-24T11:00,31.9,65,4.0,280,9.4,3,11.2,W,2025-09-23 22:32:47
Đà Nẵng,2025-09-24T12:00,32.6,63,5.1,315,11.2,3,13.9,NW,2025-09-23 22:32:47
Đà Nẵng,2025-09-24T13:00,32.0,70,8.1,13,32.4,80,30.8,NNE,2025-09-23 22:32:47
Đà Nẵng,2025-09-24T14:00,30.5,77,8.0,27,32.8,96,30.9,NNE,2025-09-23 22:32:47
Đà Nẵng,2025-09-24T15:00,29.6,80,6.2,36,31.0,96,27.3,NE,2025-09-23 22:32:47
Đà Nẵng,2025-09-24T16:00,29.5,82,1.1,90,27.0,80,17.7,E,2025-09-23 22:32:47
Đà Nẵng,2025-09-24T17:00,29.3,83,2.8,40,16.6,80,13.9,NE,2025-09-23 22:32:47
Đà Nẵng,2025-09-24T18:00,29.0,84,1.1,162,5.4,3,4.8,SSE,2025-09-23 22:32:47
Đà Nẵng,2025-09-24T19:00,28.4,89,4.0,175,6.8,3,9.7,S,2025-09-23 22:32:47
Đà Nẵng,2025-09-24T20:00,28.1,90,4.0,170,7.2,3,9.9,S,2025-09-23 22:32:47
Đà Nẵng,2025-09-24T21:00,28.0,89,3.1,159,7.2,3,8.7,SSE,2025-09-23 22:32:47
Đà Nẵng,2025-09-24T22:00,27.9,89,2.1,149,5.4,3,6.2,SSE,2025-09-23 22:32:47
Đà Nẵng,2025-09-24T23:00,27.7,90,2.9,210,4.7,3,6.9,SSW,2025-09-23 22:32:47
Đà Nẵng,2025-09-25T00:00,27.4,92,4.0,207,6.8,3,9.7,SSW,2025-09-23 22:32:47
Đà Nẵng,2025-09-25T01:00,27.1,93,4.2,200,7.6,2,10.4,SSW,2025-09-23 22:32:47
Đà Nẵng,2025-09-25T02:00,27.0,94,4.3,222,7.6,3,10.6,SW,2025-09-23 22:32:47
Đà Nẵng,2025-09-25T03:00,26.9,91,4.9,216,9.0,3,12.3,SW,2025-09-23 22:32:47
Đà Nẵng,2025-09-25T04:00,26.8,85,4.9,216,12.2,3,14.2,SW,2025-09-23 22:32:47
Đà Nẵng,2025-09-25T05:00,26.6,84,5.4,222,10.4,3,13.8,SW,2025-09-23 22:32:47
Đà Nẵng,2025-09-25T06:00,26.6,84,4.7,247,10.4,3,12.8,WSW,2025-09-23 22:32:47
Đà Nẵng,2025-09-25T07:00,26.9,86,3.8,229,7.9,3,10.1,SW,2025-09-23 22:32:47
Đà Nẵng,2025-09-25T08:00,27.8,82,4.6,219,12.6,3,14.0,SW,2025-09-23 22:32:47
Đà Nẵng,2025-09-25T09:00,28.2,80,4.3,222,9.4,3,11.7,SW,2025-09-23 22:32:47
Đà Nẵng,2025-09-25T10:00,28.8,79,4.1,218,9.0,3,11.1,SW,2025-09-23 22:32:47
Đà Nẵng,2025-09-25T11:00,30.0,75,2.6,196,8.6,3,8.8,SSW,2025-09-23 22:32:47
Đà Nẵng,2025-09-25T12:00,31.3,72,3.4,238,8.3,3,9.7,WSW,2025-09-23 22:32:47
Đà Nẵng,2025-09-25T13:00,32.2,66,4.7,247,23.0,3,20.4,WSW,2025-09-23 22:32:47
Đà Nẵng,2025-09-25T14:00,32.7,59,5.4,270,25.2,3,22.7,W,2025-09-23 22:32:47
Đà Nẵng,2025-09-25T15:00,32.6,59,2.8,310,24.1,3,18.4,NW,2025-09-23 22:32:47
Đà Nẵng,2025-09-25T16:00,32.2,61,4.1,45,7.9,3,10.5,NE,2025-09-23 22:32:47
Đà Nẵng,2025-09-25T17:00,30.6,73,6.5,56,11.9,3,16.2,NE,2025-09-23 22:32:47
Đà Nẵng,2025-09-25T18:00,29.1,81,8.3,72,15.1,3,20.7,ENE,2025-09-23 22:32:47
Đà Nẵng,2025-09-25T19:00,28.4,84,5.1,86,14.8,3,16.0,E,2025-09-23 22:32:47
Đà Nẵng,2025-09-25T20:00,28.3,86,1.1,108,8.6,2,6.7,ESE,2025-09-23 22:32:47
Đà Nẵng,2025-09-25T21:00,28.3,85,1.1,288,1.4,2,2.4,WNW,2025-09-23 22:32:47
Đà Nẵng,2025-09-25T22:00,27.8,88,2.9,277,4.3,2,6.6,W,2025-09-23 22:32:47
Đà Nẵng,2025-09-25T23:00,27.4,92,2.9,263,5.4,2,7.3,W,2025-09-23 22:32:47
Đà Nẵng,2025-09-26T00:00,27.2,94,2.5,262,5.0,2,6.5,W,2025-09-23 22:32:47
Đà Nẵng,2025-09-26T01:00,27.1,95,2.7,247,4.0,2,6.2,WSW,2025-09-23 22:32:47
Đà Nẵng,2025-09-26T02:00,27.0,94,2.9,263,5.0,3,7.1,W,2025-09-23 22:32:47
Đà Nẵng,2025-09-26T03:00,26.8,92,3.7,259,6.1,3,8.8,W,2025-09-23 22:32:47
Đà Nẵng,2025-09-26T04:00,26.8,89,3.8,253,6.8,3,9.4,WSW,2025-09-23 22:32:47
Đà Nẵng,2025-09-26T05:00,26.5,86,3.8,253,7.2,3,9.6,WSW,2025-09-23 22:32:47
Đà Nẵng,2025-09-26T06:00,26.3,87,3.0,256,6.5,3,8.1,WSW,2025-09-23 22:32:47
Đà Nẵng,2025-09-26T07:00,27.0,88,2.5,270,5.4,3,6.7,W,2025-09-23 22:32:47
Đà Nẵng,2025-09-26T08:00,28.5,76,2.9,330,6.1,3,7.7,NNW,2025-09-23 22:32:47
Đà Nẵng,2025-09-26T09:00,29.4,74,5.8,7,11.9,3,15.3,N,2025-09-23 22:32:47
Đà Nẵng,2025-09-26T10:00,29.3,77,7.8,13,15.8,80,20.4,NNE,2025-09-23 22:32:47
Đà Nẵng,2025-09-26T11:00,29.1,81,9.7,27,19.4,95,25.2,NNE,2025-09-23 22:32:47
Đà Nẵng,2025-09-26T12:00,28.6,82,8.5,28,20.2,95,24.0,NNE,2025-09-23 22:32:47
Đà Nẵng,2025-09-26T13:00,28.8,81,8.4,20,17.6,95,22.3,NNE,2025-09-23 22:32:47
Đà Nẵng,2025-09-26T14:00,28.3,84,8.6,22,18.4,95,23.1,NNE,2025-09-23 22:32:47
Đà Nẵng,2025-09-26T15:00,27.9,86,6.9,28,17.3,95,20.0,NNE,2025-09-23 22:32:47
Đà Nẵng,2025-09-26T16:00,27.5,88,4.2,31,14.4,95,14.5,NNE,2025-09-23 22:32:47
Đà Nẵng,2025-09-26T17:00,27.3,89,2.6,56,9.7,95,9.5,NE,2025-09-23 22:32:47
Đà Nẵng,2025-09-26T18:00,27.0,89,1.5,135,9.4,95,7.7,SE,2025-09-23 22:32:47
Đà Nẵng,2025-09-26T19:00,26.7,92,2.2,189,10.8,80,9.6,S,2025-09-23 22:32:47
Đà Nẵng,2025-09-26T20:00,26.5,93,3.2,207,12.6,80,12.0,SSW,2025-09-23 22:32:47
Đà Nẵng,2025-09-26T21:00,26.3,93,3.8,221,14.4,80,14.0,SW,2025-09-23 22:32:47
Đà Nẵng,2025-09-26T22:00,26.1,93,4.3,228,16.2,80,15.7,SW,2025-09-23 22:32:47
Đà Nẵng,2025-09-26T23:00,26.0,94,4.1,232,14.0,3,14.1,SW,2025-09-23 22:32:47
Đà Nẵng,2025-09-27T00:00,25.9,94,3.1,234,11.9,3,11.5,SW,2025-09-23 22:32:47
Đà Nẵng,2025-09-27T01:00,25.8,95,2.4,243,9.7,3,9.2,WSW,2025-09-23 22:32:47
Đà Nẵng,2025-09-27T02:00,25.7,95,1.9,248,10.1,3,8.7,WSW,2025-09-23 22:32:47
Đà Nẵng,2025-09-27T03:00,25.6,95,1.9,248,10.4,3,8.9,WSW,2025-09-23 22:32:47
Đà Nẵng,2025-09-27T04:00,25.5,95,1.8,259,10.8,3,9.0,W,2025-09-23 22:32:47
Đà Nẵng,2025-09-27T05:00,25.5,95,2.2,270,10.1,3,9.1,W,2025-09-23 22:32:47
Đà Nẵng,2025-09-27T06:00,25.6,95,2.3,288,9.4,3,8.9,WNW,2025-09-23 22:32:47
Đà Nẵng,2025-09-27T07:00,25.8,94,2.6,304,8.6,3,8.8,NW,2025-09-23 22:32:47
Đà Nẵng,2025-09-27T08:00,26.3,91,2.9,330,10.1,3,10.1,NNW,2025-09-23 22:32:47
Đà Nẵng,2025-09-27T09:00,27.1,87,3.6,354,11.2,3,11.8,N,2025-09-23 22:32:47
Đà Nẵng,2025-09-27T10:00,27.7,84,4.7,9,12.6,3,14.1,N,2025-09-23 22:32:47
Đà Nẵng,2025-09-27T11:00,28.1,83,6.0,17,15.8,80,17.9,NNE,2025-09-23 22:32:47
Đà Nẵng,2025-09-27T12:00,28.4,83,7.4,23,19.1,80,21.8,NNE,2025-09-23 22:32:47
Đà Nẵng,2025-09-27T13:00,28.5,83,8.4,25,22.3,80,25.1,NNE,2025-09-23 22:32:47
Đà Nẵng,2025-09-27T14:00,28.4,83,9.3,28,23.4,80,27.1,NNE,2025-09-23 22:32:47
Đà Nẵng,2025-09-27T15:00,28.0,84,10.1,27,24.5,80,28.8,NNE,2025-09-23 22:32:47
Đà Nẵng,2025-09-27T16:00,27.6,85,10.1,27,25.6,80,29.5,NNE,2025-09-23 22:32:47
Đà Nẵng,2025-09-27T17:00,27.2,87,8.4,25,21.2,80,24.5,NNE,2025-09-23 22:32:47
Đà Nẵng,2025-09-27T18:00,26.7,89,5.8,22,16.6,80,18.1,NNE,2025-09-23 22:32:47
Đà Nẵng,2025-09-27T19:00,26.3,91,3.6,6,12.2,80,12.4,N,2025-09-23 22:32:47
Đà Nẵng,2025-09-27T20:00,25.9,92,2.6,326,13.0,80,11.4,NW,2025-09-23 22:32:47
Đà Nẵng,2025-09-27T21:00,25.5,93,3.4,288,13.7,80,13.0,WNW,2025-09-23 22:32:47
Đà Nẵng,2025-09-27T22:00,25.1,94,4.3,270,14.4,80,14.7,W,2025-09-23 22:32:47
Đà Nẵng,2025-09-27T23:00,24.9,94,4.7,261,14.8,80,15.5,W,2025-09-23 22:32:47
Đà Nẵng,2025-09-28T00:00,24.8,94,4.8,257,15.5,80,16.0,WSW,2025-09-23 22:32:47
Đà Nẵng,2025-09-28T01:00,24.7,93,4.9,253,15.8,80,16.3,WSW,2025-09-23 22:32:47
Đà Nẵng,2025-09-28T02:00,24.6,92,4.9,253,15.5,80,16.2,WSW,2025-09-23 22:32:47
Đà Nẵng,2025-09-28T03:00,24.7,91,4.5,256,15.1,80,15.4,WSW,2025-09-23 22:32:47
Đà Nẵng,2025-09-28T04:00,24.7,91,4.4,261,14.8,80,15.0,W,2025-09-23 22:32:47
Đà Nẵng,2025-09-28T05:00,24.6,91,4.7,261,14.0,80,15.0,W,2025-09-23 22:32:47
Đà Nẵng,2025-09-28T06:00,24.5,92,5.1,266,13.7,80,15.4,W,2025-09-23 22:32:47
Đà Nẵng,2025-09-28T07:00,24.6,92,5.0,270,13.0,80,14.8,W,2025-09-23 22:32:47
Đà Nẵng,2025-09-28T08:00,25.0,91,4.4,279,11.9,3,13.3,W,2025-09-23 22:32:47
Đà Nẵng,2025-09-28T09:00,25.5,90,3.9,292,11.2,3,12.2,WNW,2025-09-23 22:32:47
Đà Nẵng,2025-09-28T10:00,26.0,89,3.8,319,10.1,3,11.4,NW,2025-09-23 22:32:47
Đà Nẵng,2025-09-28T11:00,26.3,89,5.6,345,14.4,95,16.5,NNW,2025-09-23 22:32:47
Đà Nẵng,2025-09-28T12:00,26.6,90,8.3,360,18.4,95,22.7,N,2025-09-23 22:32:47
Đà Nẵng,2025-09-28T13:00,26.8,90,10.5,4,22.7,95,28.3,N,2025-09-23 22:32:47
Đà Nẵng,2025-09-28T14:00,27.5,84,7.5,287,22.0,80,23.7,WNW,2025-09-23 22:32:47
Đà Nẵng,2025-09-28T15:00,27.5,84,4.8,297,20.9,80,19.3,WNW,2025-09-23 22:32:47
Đà Nẵng,2025-09-28T16:00,27.4,84,3.1,306,20.2,80,16.5,NW,2025-09-23 22:32:47
Đà Nẵng,2025-09-28T17:00,27.1,85,2.6,286,19.8,3,15.5,WNW,2025-09-23 22:32:47
Đà Nẵng,2025-09-28T18:00,26.7,87,3.4,252,19.8,3,16.6,WSW,2025-09-23 22:32:47
Đà Nẵng,2025-09-28T19:00,26.4,88,4.7,238,19.4,3,18.2,WSW,2025-09-23 22:32:47
Đà Nẵng,2025-09-28T20:00,26.4,87,5.1,231,16.9,80,17.3,SW,2025-09-23 22:32:47
Đà Nẵng,2025-09-28T21:00,26.5,86,5.4,222,14.8,80,16.4,SW,2025-09-23 22:32:47
Đà Nẵng,2025-09-28T22:00,26.5,86,4.9,216,12.2,80,14.2,SW,2025-09-23 22:32:47
Đà Nẵng,2025-09-28T23:00,26.3,88,3.9,202,9.4,3,11.1,SSW,2025-09-23 22:32:47
Đà Nẵng,2025-09-29T00:00,26.0,90,2.5,172,6.5,3,7.4,S,2025-09-23 22:32:47
Đà Nẵng,2025-09-29T01:00,25.8,92,2.1,149,3.6,3,5.1,SSE,2025-09-23 22:32:47
Đà Nẵng,2025-09-29T02:00,25.8,92,1.1,198,10.8,80,8.0,SSW,2025-09-23 22:32:47
Đà Nẵng,2025-09-29T03:00,25.8,92,2.6,254,18.0,80,14.4,WSW,2025-09-23 22:32:47
Đà Nẵng,2025-09-29T04:00,25.8,91,4.4,261,25.2,80,21.3,W,2025-09-23 22:32:47
Đà Nẵng,2025-09-29T05:00,25.6,91,4.7,247,20.5,61,18.9,WSW,2025-09-23 22:32:47
Đà Nẵng,2025-09-29T06:00,25.5,90,5.4,228,15.8,61,17.0,SW,2025-09-23 22:32:47
Đà Nẵng,2025-09-29T07:00,25.6,89,5.9,218,11.2,61,15.0,SW,2025-09-23 22:32:47
Đà Nẵng,2025-09-29T08:00,26.2,88,5.9,223,11.9,3,15.4,SW,2025-09-23 22:32:47
Đà Nẵng,2025-09-29T09:00,26.9,86,5.2,236,13.0,3,15.1,SW,2025-09-23 22:32:47
Đà Nẵng,2025-09-29T10:00,27.7,84,4.5,241,13.7,3,14.5,WSW,2025-09-23 22:32:47
Đà Nẵng,2025-09-29T11:00,28.4,81,4.1,225,12.6,3,13.3,SW,2025-09-23 22:32:47
Đà Nẵng,2025-09-29T12:00,29.1,78,4.1,195,11.2,3,12.5,SSW,2025-09-23 22:32:47
Đà Nẵng,2025-09-29T13:00,29.7,75,4.0,175,10.1,3,11.7,S,2025-09-23 22:32:47
Đà Nẵng,2025-09-29T14:00,30.3,72,2.8,140,10.1,2,10.0,SE,2025-09-23 22:32:47
Đà Nẵng,2025-09-29T15:00,30.9,69,3.3,84,9.7,2,10.4,E,2025-09-23 22:32:47
Đà Nẵng,2025-09-29T16:00,31.0,69,4.7,58,9.7,2,12.4,ENE,2025-09-23 22:32:47
Đà Nẵng,2025-09-29T17:00,30.4,72,5.1,45,8.3,2,12.1,NE,2025-09-23 22:32:47
Đà Nẵng,2025-09-29T18:00,29.4,78,4.7,32,7.2,2,10.9,NNE,2025-09-23 22:32:47
Đà Nẵng,2025-09-29T19:00,28.6,83,3.9,22,5.8,2,8.9,NNE,2025-09-23 22:32:47
Đà Nẵng,2025-09-29T20:00,28.0,87,2.2,360,5.8,3,6.6,N,2025-09-23 22:32:47
Đà Nẵng,2025-09-29T21:00,27.5,90,1.8,270,5.4,3,5.8,W,2025-09-23 22:32:47
Đà Nẵng,2025-09-29T22:00,27.1,93,3.2,243,5.4,3,7.7,WSW,2025-09-23 22:32:47
Đà Nẵng,2025-09-29T23:00,26.8,95,2.7,247,5.0,3,6.8,WSW,2025-09-23 22:32:47
Quy Nhơn,2025-09-23T00:00,26.5,82,4.7,270,10.4,1,12.8,W,2025-09-23 22:32:47
Quy Nhơn,2025-09-23T01:00,26.3,80,6.5,270,12.2,1,16.4,W,2025-09-23 22:32:47
Quy Nhơn,2025-09-23T02:00,26.4,78,6.8,267,15.5,3,18.8,W,2025-09-23 22:32:47
Quy Nhơn,2025-09-23T03:00,26.4,77,7.3,261,15.8,3,19.7,W,2025-09-23 22:32:47
Quy Nhơn,2025-09-23T04:00,26.5,77,7.2,267,16.6,3,20.0,W,2025-09-23 22:32:47
Quy Nhơn,2025-09-23T05:00,26.5,77,6.5,264,15.8,3,18.6,W,2025-09-23 22:32:47
Quy Nhơn,2025-09-23T06:00,26.6,77,7.6,265,17.3,3,21.0,W,2025-09-23 22:32:47
Quy Nhơn,2025-09-23T07:00,27.3,78,6.8,270,17.6,3,20.1,W,2025-09-23 22:32:47
Quy Nhơn,2025-09-23T08:00,28.5,74,10.5,274,22.7,2,28.3,W,2025-09-23 22:32:47
Quy Nhơn,2025-09-23T09:00,29.7,68,13.0,270,28.8,3,35.5,W,2025-09-23 22:32:47
Quy Nhơn,2025-09-23T10:00,30.7,64,13.0,270,29.2,3,35.7,W,2025-09-23 22:32:47
Quy Nhơn,2025-09-23T11:00,31.8,60,15.7,259,35.3,3,43.2,W,2025-09-23 22:32:47
Quy Nhơn,2025-09-23T12:00,32.5,57,17.7,257,39.2,3,48.3,WSW,2025-09-23 22:32:47
Quy Nhơn,2025-09-23T13:00,31.2,63,19.7,252,45.0,3,54.6,WSW,2025-09-23 22:32:47
Quy Nhơn,2025-09-23T14:00,31.0,63,18.9,256,43.2,3,52.4,WSW,2025-09-23 22:32:47
Quy Nhơn,2025-09-23T15:00,30.4,64,17.9,255,41.4,3,49.9,WSW,2025-09-23 22:32:47
Quy Nhơn,2025-09-23T16:00,29.6,67,14.5,256,40.0,3,44.3,WSW,2025-09-23 22:32:47
Quy Nhơn,2025-09-23T17:00,28.8,69,9.8,253,31.0,3,32.3,WSW,2025-09-23 22:32:47
Quy Nhơn,2025-09-23T18:00,28.0,73,6.7,254,21.6,3,22.3,WSW,2025-09-23 22:32:47
Quy Nhơn,2025-09-23T19:00,27.3,74,5.7,252,15.1,3,17.0,WSW,2025-09-23 22:32:47
Quy Nhơn,2025-09-23T20:00,27.1,75,6.7,254,14.8,2,18.3,WSW,2025-09-23 22:32:47
Quy Nhơn,2025-09-23T21:00,27.1,75,6.4,254,15.5,3,18.3,WSW,2025-09-23 22:32:47
Quy Nhơn,2025-09-23T22:00,27.0,76,7.7,259,17.3,3,21.2,W,2025-09-23 22:32:47
Quy Nhơn,2025-09-23T23:00,27.2,75,8.8,258,20.2,3,24.4,WSW,2025-09-23 22:32:47
Quy Nhơn,2025-09-24T00:00,27.0,74,10.0,257,22.3,2,27.4,WSW,2025-09-23 22:32:47
Quy Nhơn,2025-09-24T01:00,27.1,74,10.4,256,24.1,3,29.0,WSW,2025-09-23 22:32:47
Quy Nhơn,2025-09-24T02:00,27.2,73,10.9,261,27.4,3,31.7,W,2025-09-23 22:32:47
Quy Nhơn,2025-09-24T03:00,27.1,74,10.6,260,26.6,3,30.8,W,2025-09-23 22:32:47
Quy Nhơn,2025-09-24T04:00,27.1,74,11.8,258,27.0,3,32.7,WSW,2025-09-23 22:32:47
Quy Nhơn,2025-09-24T05:00,27.2,73,12.0,263,28.4,3,33.8,W,2025-09-23 22:32:47
Quy Nhơn,2025-09-24T06:00,27.1,74,10.9,264,27.4,3,31.7,W,2025-09-23 22:32:47
Quy Nhơn,2025-09-24T07:00,27.5,76,10.3,258,24.8,3,29.3,WSW,2025-09-23 22:32:47
Quy Nhơn,2025-09-24T08:00,28.3,74,13.1,262,28.4,2,35.4,W,2025-09-23 22:32:47
Quy Nhơn,2025-09-24T09:00,29.1,71,16.0,261,34.9,3,43.3,W,2025-09-23 22:32:47
Quy Nhơn,2025-09-24T10:00,30.0,67,19.7,261,42.8,3,53.3,W,2025-09-23 22:32:47
Quy Nhơn,2025-09-24T11:00,30.7,64,20.2,259,45.0,2,55.3,W,2025-09-23 22:32:47
Quy Nhơn,2025-09-24T12:00,31.2,62,23.4,259,51.1,2,63.4,W,2025-09-23 22:32:47
Quy Nhơn,2025-09-24T13:00,31.8,58,24.5,267,54.0,2,66.7,W,2025-09-23 22:32:47
Quy Nhơn,2025-09-24T14:00,31.1,61,24.3,263,56.2,3,67.7,W,2025-09-23 22:32:47
Quy Nhơn,2025-09-24T15:00,30.8,63,23.2,263,53.3,3,64.5,W,2025-09-23 22:32:47
Quy Nhơn,2025-09-24T16:00,29.6,68,19.5,258,50.8,3,57.8,WSW,2025-09-23 22:32:47
Quy Nhơn,2025-09-24T17:00,29.0,68,13.8,263,41.8,3,44.4,W,2025-09-23 22:32:47
Quy Nhơn,2025-09-24T18:00,28.2,73,10.0,255,29.2,3,31.5,WSW,2025-09-23 22:32:47
Quy Nhơn,2025-09-24T19:00,27.9,74,10.1,253,22.7,3,27.8,WSW,2025-09-23 22:32:47
Quy Nhơn,2025-09-24T20:00,27.7,74,9.3,254,23.0,3,26.8,WSW,2025-09-23 22:32:47
Quy Nhơn,2025-09-24T21:00,27.6,74,9.1,252,21.6,3,25.7,WSW,2025-09-23 22:32:47
Quy Nhơn,2025-09-24T22:00,27.6,73,9.3,254,22.7,3,26.6,WSW,2025-09-23 22:32:47
Quy Nhơn,2025-09-24T23:00,27.5,74,9.5,261,22.3,3,26.7,W,2025-09-23 22:32:47
Quy Nhơn,2025-09-25T00:00,27.5,73,12.6,257,28.8,3,34.9,WSW,2025-09-23 22:32:47
Quy Nhơn,2025-09-25T01:00,27.4,74,11.4,252,28.4,3,33.0,WSW,2025-09-23 22:32:47
Quy Nhơn,2025-09-25T02:00,27.4,73,11.5,256,25.9,3,31.6,WSW,2025-09-23 22:32:47
Quy Nhơn,2025-09-25T03:00,27.2,74,13.4,262,29.9,3,36.7,W,2025-09-23 22:32:47
Quy Nhơn,2025-09-25T04:00,27.0,75,12.8,254,32.8,3,37.6,WSW,2025-09-23 22:32:47
Quy Nhơn,2025-09-25T05:00,27.1,73,12.6,250,29.2,3,35.2,WSW,2025-09-23 22:32:47
Quy Nhơn,2025-09-25T06:00,27.1,74,11.3,253,28.1,3,32.7,WSW,2025-09-23 22:32:47
Quy Nhơn,2025-09-25T07:00,27.0,74,10.5,254,25.2,3,29.8,WSW,2025-09-23 22:32:47
Quy Nhơn,2025-09-25T08:00,27.2,76,11.3,261,26.3,3,31.6,W,2025-09-23 22:32:47
Quy Nhơn,2025-09-25T09:00,28.0,74,13.5,261,29.2,3,36.4,W,2025-09-23 22:32:47
Quy Nhơn,2025-09-25T10:00,28.7,72,13.0,256,29.5,3,35.9,WSW,2025-09-23 22:32:47
Quy Nhơn,2025-09-25T11:00,29.2,69,12.8,254,29.5,3,35.6,WSW,2025-09-23 22:32:47
Quy Nhơn,2025-09-25T12:00,29.5,68,14.1,257,31.0,3,38.3,WSW,2025-09-23 22:32:47
Quy Nhơn,2025-09-25T13:00,30.0,65,16.3,264,38.2,3,45.7,W,2025-09-23 22:32:47
Quy Nhơn,2025-09-25T14:00,30.2,64,15.2,265,34.9,3,42.2,W,2025-09-23 22:32:47
Quy Nhơn,2025-09-25T15:00,30.0,64,12.7,263,33.5,3,37.9,W,2025-09-23 22:32:47
Quy Nhơn,2025-09-25T16:00,29.4,66,9.1,261,27.7,3,29.4,W,2025-09-23 22:32:47
Quy Nhơn,2025-09-25T17:00,28.9,68,6.2,249,19.8,3,20.6,WSW,2025-09-23 22:32:47
Quy Nhơn,2025-09-25T18:00,28.0,72,4.6,225,14.0,3,14.8,SW,2025-09-23 22:32:47
Quy Nhơn,2025-09-25T19:00,27.4,74,4.3,228,10.8,3,12.5,SW,2025-09-23 22:32:47
Quy Nhơn,2025-09-25T20:00,27.0,76,4.1,232,9.7,3,11.6,SW,2025-09-23 22:32:47
Quy Nhơn,2025-09-25T21:00,26.8,77,4.0,243,9.0,3,11.0,WSW,2025-09-23 22:32:47
Quy Nhơn,2025-09-25T22:00,26.6,78,4.3,246,9.4,3,11.7,WSW,2025-09-23 22:32:47
Quy Nhơn,2025-09-25T23:00,26.7,76,5.5,247,12.6,3,15.3,WSW,2025-09-23 22:32:47
Quy Nhơn,2025-09-26T00:00,26.8,75,5.8,248,13.0,3,15.9,WSW,2025-09-23 22:32:47
Quy Nhơn,2025-09-26T01:00,26.9,75,5.7,252,14.0,3,16.4,WSW,2025-09-23 22:32:47
Quy Nhơn,2025-09-26T02:00,26.8,75,5.9,259,13.7,3,16.5,W,2025-09-23 22:32:47
Quy Nhơn,2025-09-26T03:00,26.9,74,6.5,264,15.5,3,18.4,W,2025-09-23 22:32:47
Quy Nhơn,2025-09-26T04:00,27.1,73,6.5,264,15.8,3,18.6,W,2025-09-23 22:32:47
Quy Nhơn,2025-09-26T05:00,27.0,73,6.9,264,15.8,3,19.1,W,2025-09-23 22:32:47
Quy Nhơn,2025-09-26T06:00,27.0,74,7.2,264,16.6,3,20.0,W,2025-09-23 22:32:47
Quy Nhơn,2025-09-26T07:00,27.3,75,6.8,267,16.6,3,19.5,W,2025-09-23 22:32:47
Quy Nhơn,2025-09-26T08:00,27.9,74,7.2,264,16.6,3,20.0,W,2025-09-23 22:32:47
Quy Nhơn,2025-09-26T09:00,29.0,70,8.0,265,19.1,3,22.7,W,2025-09-23 22:32:47
Quy Nhơn,2025-09-26T10:00,29.9,67,10.1,272,22.7,3,27.8,W,2025-09-23 22:32:47
Quy Nhơn,2025-09-26T11:00,30.9,64,10.2,280,24.1,3,28.7,W,2025-09-23 22:32:47
Quy Nhơn,2025-09-26T12:00,31.5,61,8.9,291,23.4,3,26.5,WNW,2025-09-23 22:32:47
Quy Nhơn,2025-09-26T13:00,31.8,59,7.1,311,20.5,3,22.2,NW,2025-09-23 22:32:47
Quy Nhơn,2025-09-26T14:00,31.7,60,5.5,337,17.3,3,18.1,NNW,2025-09-23 22:32:47
Quy Nhơn,2025-09-26T15:00,30.2,71,6.4,43,18.0,80,19.8,NE,2025-09-23 22:32:47
Quy Nhơn,2025-09-26T16:00,28.5,80,6.9,39,16.9,95,19.8,NE,2025-09-23 22:32:47
Quy Nhơn,2025-09-26T17:00,27.6,84,3.9,22,15.8,95,14.9,NNE,2025-09-23 22:32:47
Quy Nhơn,2025-09-26T18:00,26.9,89,1.3,326,9.0,95,7.2,NW,2025-09-23 22:32:47
Quy Nhơn,2025-09-26T19:00,26.4,91,2.7,247,11.2,95,10.5,WSW,2025-09-23 22:32:47
Quy Nhơn,2025-09-26T20:00,26.1,92,4.0,243,10.4,3,11.8,WSW,2025-09-23 22:32:47
Quy Nhơn,2025-09-26T21:00,26.0,91,4.2,250,9.4,3,11.5,WSW,2025-09-23 22:32:47
Quy Nhơn,2025-09-26T22:00,25.9,90,4.2,250,8.6,3,11.0,WSW,2025-09-23 22:32:47
Quy Nhơn,2025-09-26T23:00,25.8,90,4.2,250,8.3,3,10.9,WSW,2025-09-23 22:32:47
Quy Nhơn,2025-09-27T00:00,25.7,90,3.8,253,7.6,3,9.9,WSW,2025-09-23 22:32:47
Quy Nhơn,2025-09-27T01:00,25.6,90,3.4,252,7.2,3,9.1,WSW,2025-09-23 22:32:47
Quy Nhơn,2025-09-27T02:00,25.4,90,3.4,252,7.6,3,9.3,WSW,2025-09-23 22:32:47
Quy Nhơn,2025-09-27T03:00,25.3,90,3.9,248,7.6,3,10.0,WSW,2025-09-23 22:32:47
Quy Nhơn,2025-09-27T04:00,25.3,90,3.9,248,7.9,3,10.2,WSW,2025-09-23 22:32:47
Quy Nhơn,2025-09-27T05:00,25.4,91,3.9,248,7.9,3,10.2,WSW,2025-09-23 22:32:47
Quy Nhơn,2025-09-27T06:00,25.6,92,3.4,252,7.9,3,9.5,WSW,2025-09-23 22:32:47
Quy Nhơn,2025-09-27T07:00,26.0,92,3.0,256,7.9,3,8.9,WSW,2025-09-23 22:32:47
Quy Nhơn,2025-09-27T08:00,26.5,90,2.2,270,11.9,95,10.2,W,2025-09-23 22:32:47
Quy Nhơn,2025-09-27T09:00,27.1,87,1.8,323,16.2,95,12.2,NW,2025-09-23 22:32:47
Quy Nhơn,2025-09-27T10:00,27.7,84,2.9,7,20.2,95,16.2,N,2025-09-23 22:32:47
Quy Nhơn,2025-09-27T11:00,28.5,81,5.8,22,22.7,95,21.7,NNE,2025-09-23 22:32:47
Quy Nhơn,2025-09-27T12:00,29.2,79,9.5,29,24.8,95,28.2,NNE,2025-09-23 22:32:47
Quy Nhơn,2025-09-27T13:00,29.6,78,11.8,31,27.4,95,33.0,NNE,2025-09-23 22:32:47
Quy Nhơn,2025-09-27T14:00,29.1,79,11.4,35,26.3,95,31.7,NE,2025-09-23 22:32:47
Quy Nhơn,2025-09-27T15:00,28.3,82,9.4,40,25.6,95,28.5,NE,2025-09-23 22:32:47
Quy Nhơn,2025-09-27T16:00,27.5,85,7.4,47,24.5,95,25.1,NE,2025-09-23 22:32:47
Quy Nhơn,2025-09-27T17:00,26.9,87,5.4,53,20.9,95,20.1,NE,2025-09-23 22:32:47
Quy Nhơn,2025-09-27T18:00,26.5,89,3.1,54,17.6,95,14.9,NE,2025-09-23 22:32:47
Quy Nhơn,2025-09-27T19:00,26.1,91,1.3,56,14.0,95,10.2,NE,2025-09-23 22:32:47
Quy Nhơn,2025-09-27T20:00,25.8,92,0.8,333,14.4,95,9.8,NNW,2025-09-23 22:32:47
Quy Nhơn,2025-09-27T21:00,25.5,92,1.8,307,15.1,95,11.6,NW,2025-09-23 22:32:47
Quy Nhơn,2025-09-27T22:00,25.3,93,2.4,297,15.5,95,12.7,WNW,2025-09-23 22:32:47
Quy Nhơn,2025-09-27T23:00,25.1,94,2.6,286,14.0,80,12.0,WNW,2025-09-23 22:32:47
Quy Nhơn,2025-09-28T00:00,24.8,95,2.2,270,12.6,80,10.6,W,2025-09-23 22:32:47
Quy Nhơn,2025-09-28T01:00,24.6,95,2.3,252,11.2,80,9.9,WSW,2025-09-23 22:32:47
Quy Nhơn,2025-09-28T02:00,24.5,95,2.4,243,11.2,80,10.1,WSW,2025-09-23 22:32:47
Quy Nhơn,2025-09-28T03:00,24.4,95,2.6,236,11.2,80,10.4,SW,2025-09-23 22:32:47
Quy Nhơn,2025-09-28T04:00,24.5,94,2.8,230,11.2,80,10.6,SW,2025-09-23 22:32:47
Quy Nhơn,2025-09-28T05:00,24.6,93,3.3,229,11.2,3,11.3,SW,2025-09-23 22:32:47
Quy Nhơn,2025-09-28T06:00,24.9,93,3.8,221,11.2,3,12.0,SW,2025-09-23 22:32:47
Quy Nhơn,2025-09-28T07:00,25.3,91,3.6,225,11.2,3,11.8,SW,2025-09-23 22:32:47
Quy Nhơn,2025-09-28T08:00,26.1,88,1.8,259,13.0,3,10.3,W,2025-09-23 22:32:47
Quy Nhơn,2025-09-28T09:00,27.1,85,2.4,333,14.4,3,12.0,NNW,2025-09-23 22:32:47
Quy Nhơn,2025-09-28T10:00,27.8,82,4.0,355,16.2,3,15.3,N,2025-09-23 22:32:47
Quy Nhơn,2025-09-28T11:00,28.1,81,3.6,6,16.6,95,15.0,N,2025-09-23 22:32:47
Quy Nhơn,2025-09-28T12:00,28.1,82,2.1,31,17.3,95,13.3,NNE,2025-09-23 22:32:47
Quy Nhơn,2025-09-28T13:00,28.1,82,1.6,63,17.6,95,12.8,ENE,2025-09-23 22:32:47
Quy Nhơn,2025-09-28T14:00,28.0,80,2.9,263,16.9,80,14.2,W,2025-09-23 22:32:47
Quy Nhơn,2025-09-28T15:00,28.1,79,2.3,252,14.0,80,11.6,WSW,2025-09-23 22:32:47
Quy Nhơn,2025-09-28T16:00,27.9,79,2.1,239,11.5,80,9.8,WSW,2025-09-23 22:32:47
Quy Nhơn,2025-09-28T17:00,27.5,81,2.3,219,11.9,80,10.4,SW,2025-09-23 22:32:47
Quy Nhơn,2025-09-28T18:00,26.9,84,3.1,201,12.6,80,11.9,SSW,2025-09-23 22:32:47
Quy Nhơn,2025-09-28T19:00,26.5,85,3.8,197,13.0,80,13.1,SSW,2025-09-23 22:32:47
Quy Nhơn,2025-09-28T20:00,26.6,84,3.7,209,11.5,3,12.1,SSW,2025-09-23 22:32:47
Quy Nhơn,2025-09-28T21:00,26.8,81,3.6,225,9.7,3,10.9,SW,2025-09-23 22:32:47
Quy Nhơn,2025-09-28T22:00,26.9,80,3.6,233,8.3,3,10.0,SW,2025-09-23 22:32:47
Quy Nhơn,2025-09-28T23:00,26.7,81,3.1,216,8.3,3,9.3,SW,2025-09-23 22:32:47
Quy Nhơn,2025-09-29T00:00,26.3,84,3.3,186,8.3,3,9.6,S,2025-09-23 22:32:47
Quy Nhơn,2025-09-29T01:00,26.0,86,3.7,169,8.3,3,10.2,S,2025-09-23 22:32:47
Quy Nhơn,2025-09-29T02:00,25.8,87,3.8,163,7.9,3,10.1,SSE,2025-09-23 22:32:47
Quy Nhơn,2025-09-29T03:00,25.5,87,3.7,169,7.9,3,9.9,S,2025-09-23 22:32:47
Quy Nhơn,2025-09-29T04:00,25.5,87,3.3,174,7.6,3,9.2,S,2025-09-23 22:32:47
Quy Nhơn,2025-09-29T05:00,25.6,87,2.2,180,6.8,3,7.2,S,2025-09-23 22:32:47
Quy Nhơn,2025-09-29T06:00,26.0,87,1.1,198,6.1,3,5.2,SSW,2025-09-23 22:32:47
Quy Nhơn,2025-09-29T07:00,26.7,85,1.5,225,5.4,3,5.3,SW,2025-09-23 22:32:47
Quy Nhơn,2025-09-29T08:00,27.8,80,3.4,212,10.1,3,10.8,SSW,2025-09-23 22:32:47
Quy Nhơn,2025-09-29T09:00,29.2,74,6.0,205,14.4,3,17.0,SSW,2025-09-23 22:32:47
Quy Nhơn,2025-09-29T10:00,30.5,68,8.5,208,19.1,3,23.4,SSW,2025-09-23 22:32:47
Quy Nhơn,2025-09-29T11:00,31.5,63,11.6,216,25.2,3,31.4,SW,2025-09-23 22:32:47
Quy Nhơn,2025-09-29T12:00,32.4,58,15.0,226,31.7,3,40.0,SW,2025-09-23 22:32:47
Quy Nhơn,2025-09-29T13:00,33.0,55,16.9,230,37.8,3,46.3,SW,2025-09-23 22:32:47
Quy Nhơn,2025-09-29T14:00,33.2,53,15.7,233,35.6,3,43.3,SW,2025-09-23 22:32:47
Quy Nhơn,2025-09-29T15:00,33.1,53,13.0,236,33.5,3,38.3,SW,2025-09-23 22:32:47
Quy Nhơn,2025-09-29T16:00,32.6,55,9.8,242,31.3,3,32.5,WSW,2025-09-23 22:32:47
Quy Nhơn,2025-09-29T17:00,31.4,62,6.4,254,23.0,3,22.8,WSW,2025-09-23 22:32:47
Quy Nhơn,2025-09-29T18:00,29.7,72,3.4,288,14.4,3,13.4,WNW,2025-09-23 22:32:47
Quy Nhơn,2025-09-29T19:00,28.5,79,3.1,339,6.1,3,8.0,NNW,2025-09-23 22:32:47
Quy Nhơn,2025-09-29T20:00,28.0,81,2.6,344,5.4,3,6.9,NNW,2025-09-23 22:32:47
Quy Nhơn,2025-09-29T21:00,27.9,81,1.8,307,4.3,3,5.1,NW,2025-09-23 22:32:47
Quy Nhơn,2025-09-29T22:00,27.8,80,1.8,270,3.6,3,4.7,W,2025-09-23 22:32:47
Quy Nhơn,2025-09-29T23:00,27.6,80,1.8,270,4.0,3,4.9,W,2025-09-23 22:32:47
